<?xml version="1.0" encoding="UTF-8"?>
<classpath>
	<classpathentry kind="src" path="src"/>
	<classpathentry kind="con" path="org.eclipse.jdt.launching.JRE_CONTAINER"/>
	<classpathentry kind="con" path="com.genuitec.eclipse.j2eedt.core.J2EE14_CONTAINER"/>
	<classpathentry kind="con" path="org.eclipse.jst.j2ee.internal.web.container"/>
	<classpathentry kind="con" path="org.eclipse.jst.j2ee.internal.module.container"/>
	<classpathentry kind="lib" path="H:/ALLPROJECTS/IBM/Efarming/jarfiles/classes12.jar"/>
	<classpathentry kind="lib" path="H:/ALLPROJECTS/IBM/Efarming/jarfiles/commons-beanutils.jar"/>
	<classpathentry kind="lib" path="H:/ALLPROJECTS/IBM/Efarming/jarfiles/commons-collections-2.1.1.jar"/>
	<classpathentry kind="lib" path="H:/ALLPROJECTS/IBM/Efarming/jarfiles/commons-collections-3.2.jar"/>
	<classpathentry kind="lib" path="H:/ALLPROJECTS/IBM/Efarming/jarfiles/commons-digester.jar"/>
	<classpathentry kind="lib" path="H:/ALLPROJECTS/IBM/Efarming/jarfiles/commons-fileupload-1.2.2.jar"/>
	<classpathentry kind="lib" path="H:/ALLPROJECTS/IBM/Efarming/jarfiles/commons-io-1.1.jar"/>
	<classpathentry kind="lib" path="H:/ALLPROJECTS/IBM/Efarming/jarfiles/commons-logging.jar"/>
	<classpathentry kind="lib" path="H:/ALLPROJECTS/IBM/Efarming/jarfiles/iText-2.0.7.jar"/>
	<classpathentry kind="lib" path="H:/ALLPROJECTS/IBM/Efarming/jarfiles/jstl-1.2.jar"/>
	<classpathentry kind="output" path="WebRoot/WEB-INF/classes"/>
</classpath>
