<?xml version="1.0" encoding="UTF-8"?>
<projectDescription>
	<name>efarming</name>
	<comment></comment>
	<projects>
	</projects>
	<buildSpec>
		<buildCommand>
			<name>org.eclipse.wst.common.project.facet.core.builder</name>
			<arguments>
			</arguments>
		</buildCommand>
		<buildCommand>
			<name>com.genuitec.eclipse.j2eedt.core.WebClasspathBuilder</name>
			<arguments>
			</arguments>
		</buildCommand>
		<buildCommand>
			<name>org.eclipse.jdt.core.javabuilder</name>
			<arguments>
			</arguments>
		</buildCommand>
		<buildCommand>
			<name>com.genuitec.eclipse.j2eedt.core.J2EEProjectValidator</name>
			<arguments>
			</arguments>
		</buildCommand>
		<buildCommand>
			<name>com.genuitec.eclipse.j2eedt.core.DeploymentDescriptorValidator</name>
			<arguments>
			</arguments>
		</buildCommand>
		<buildCommand>
			<name>org.eclipse.wst.validation.validationbuilder</name>
			<arguments>
			</arguments>
		</buildCommand>
		<buildCommand>
			<name>com.genuitec.eclipse.ast.deploy.core.DeploymentBuilder</name>
			<arguments>
			</arguments>
		</buildCommand>
	</buildSpec>
	<natures>
		<nature>org.eclipse.jem.workbench.JavaEMFNature</nature>
		<nature>com.genuitec.eclipse.ast.deploy.core.deploymentnature</nature>
		<nature>com.genuitec.eclipse.j2eedt.core.webnature</nature>
		<nature>org.eclipse.jdt.core.javanature</nature>
		<nature>org.eclipse.wst.jsdt.core.jsNature</nature>
		<nature>org.eclipse.wst.common.project.facet.core.nature</nature>
		<nature>org.eclipse.wst.common.modulecore.ModuleCoreNature</nature>
	</natures>
</projectDescription>
